{"cameraMode":{"drawMode":0,"name":"Shaded","section":"Shading Mode"},"sceneLighting":true,"audioPlay":false,"sceneViewState":{"showFog":true,"showMaterialUpdate":false,"showSkybox":true,"showFlares":true,"showImageEffects":true,"showParticleSystems":true},"in2DMode":false,"pivot":{"x":0.0007356256246566773,"y":0.014820732176303864,"z":-0.21563905477523805},"rotation":{"x":-0.3604867160320282,"y":-0.04838249459862709,"z":0.018729086965322496,"w":-0.9313262104988098},"size":5.709676742553711,"orthographic":false}